-- phpMyAdmin SQL Dump
-- version 5.2.0
-- https://www.phpmyadmin.net/
--
-- Host: 127.0.0.1
-- Generation Time: Apr 12, 2024 at 12:08 PM
-- Server version: 10.4.24-MariaDB
-- PHP Version: 8.1.6

SET SQL_MODE = "NO_AUTO_VALUE_ON_ZERO";
START TRANSACTION;
SET time_zone = "+00:00";


/*!40101 SET @OLD_CHARACTER_SET_CLIENT=@@CHARACTER_SET_CLIENT */;
/*!40101 SET @OLD_CHARACTER_SET_RESULTS=@@CHARACTER_SET_RESULTS */;
/*!40101 SET @OLD_COLLATION_CONNECTION=@@COLLATION_CONNECTION */;
/*!40101 SET NAMES utf8mb4 */;

--
-- Database: `e-book`
--

-- --------------------------------------------------------

--
-- Table structure for table `dokumen`
--

CREATE TABLE `dokumen` (
  `namafile` varchar(255) DEFAULT NULL,
  `logo` varchar(255) DEFAULT NULL,
  `no` int(11) DEFAULT NULL,
  `jenis` varchar(255) DEFAULT NULL,
  `poli` varchar(255) DEFAULT NULL,
  `active` int(11) DEFAULT NULL,
  `jumlah_view` int(11) DEFAULT NULL
) ENGINE=InnoDB DEFAULT CHARSET=utf8mb4;

--
-- Dumping data for table `dokumen`
--

INSERT INTO `dokumen` (`namafile`, `logo`, `no`, `jenis`, `poli`, `active`, `jumlah_view`) VALUES
('Clinical Anaesthesia Lecture Notes (2017).pdf', 'icon.png', 1, 'library', 'anestesi', 1, 68),
('Duke Anesthesia Secrets 5ed 2016.pdf', 'icon.png', 2, 'library', 'anestesi', 1, 1),
('How to Survive Anaesthesia.pdf', 'icon.png', 3, 'library', 'anestesi', 1, 1),
('Millers Anesthesia 8ed 2015.pdf', 'icon.png', 4, 'library', 'anestesi', 1, 1),
('11 Benign Prostatic Hyperplasia.pdf', 'icon.png', 5, 'library', 'bedah', 1, 3),
('2011 standards for wound management v2.pdf', 'icon.png', 6, 'library', 'bedah', 1, 0),
('ABC of Arterial and Venous Disease.pdf', 'icon.png', 7, 'library', 'bedah', 1, 0),
('ABC of Burns.pdf', 'icon.png', 8, 'library', 'bedah', 1, 0),
('ABC Of Wound Healing.pdf', 'icon.png', 9, 'library', 'bedah', 1, 0),
('Anatomic Basis of Tumor Surgery; 2ed 2010.pdf', 'icon.png', 10, 'library', 'bedah', 1, 0),
('Atlas of Breast Surgery By Ismail Jatoi,2e - 2020.pdf', 'icon.png', 11, 'library', 'bedah', 1, 1),
('atlas of suturing techniques 2016.pdf', 'icon.png', 12, 'library', 'bedah', 1, 0),
('burn care.pdf', 'icon.png', 13, 'library', 'bedah', 1, 0),
('Chest Drains in Daily Clinical Practice 2017.pdf', 'icon.png', 14, 'library', 'bedah', 1, 0),
('Commonly Used Wound Care Supplies.pdf', 'icon.png', 15, 'library', 'bedah', 1, 0),
('Current essentials of surgery 2005.pdf', 'icon.png', 16, 'library', 'bedah', 1, 0),
('Diseases of the Breast 5ed 2014.pdf', 'icon.png', 17, 'library', 'bedah', 1, 0),
('evaluating BPH.pdf', 'icon.png', 18, 'library', 'bedah', 1, 0),
('Fitzpatricks Color Atlas and Synopsis of Clinical Dermatology 8ed 2017.pdf', 'icon.png', 19, 'library', 'bedah', 1, 0),
('Fundamentals of Pediatric Surgery 2011.pdf', 'icon.png', 20, 'library', 'bedah', 1, 0),
('General Surgery Lecture Notes 13th ed (2016).pdf', 'icon.png', 21, 'library', 'bedah', 1, 2),
('Handbook of Burns 1.pdf', 'icon.png', 22, 'library', 'bedah', 1, 0),
('Handbook of Burns 2.pdf', 'icon.png', 23, 'library', 'bedah', 1, 0),
('Innovations and Advances in Wound Healing 2ed 2016.pdf', 'icon.png', 24, 'library', 'bedah', 1, 0),
('Management of Leg Ulcers 1999.pdf', 'icon.png', 25, 'library', 'bedah', 1, 0),
('Oncoplastic Surgery of the Breast 2009.pdf', 'icon.png', 26, 'library', 'bedah', 1, 0),
('Practical Urology; Essential Principles and Practice 2011.pdf', 'icon.png', 27, 'library', 'bedah', 1, 0),
('PRINCIPLES OF SURGICAL ONCOLOGY.pdf', 'icon.png', 28, 'library', 'bedah', 1, 0),
('Prostate Cancer Dx AND clinical management 2014.pdf', 'icon.png', 29, 'library', 'bedah', 1, 0),
('Sabiston Textbook of Surgery 20ed 2016.pdf', 'icon.png', 30, 'library', 'bedah', 1, 0),
('Schwartzs Principles of Surgery 10ed 2015.pdf', 'icon.png', 31, 'library', 'bedah', 1, 0),
('smith\'s general urology 17ed 2008.pdf', 'icon.png', 32, 'library', 'bedah', 1, 0),
('surgical site infection.pdf', 'icon.png', 33, 'library', 'bedah', 1, 0),
('Surgical Management of Urolithiasis Percutaneous Shockwave and Ureteroscopy 2013.pdf', 'icon.png', 34, 'library', 'bedah', 1, 0),
('Surgical Dressings.pdf', 'icon.png', 35, 'library', 'bedah', 1, 0),
('Trauma care manual 2001.pdf', 'icon.png', 36, 'library', 'bedah', 1, 0),
('WHO basic surgical skills.pdf', 'icon.png', 37, 'library', 'bedah', 1, 0),
('@Ebookmedicin 2020 Medical Student Survival Skills ECG 1st edition.pdf', 'icon.png', 38, 'library', 'cardiology', 1, 0),
('150 ECG Problems 4th Ed.pdf', 'icon.png', 39, 'library', 'cardiology', 1, 0),
('Braunwald Heart Disease 10ed 2015.pdf', 'icon.png', 40, 'library', 'cardiology', 1, 1),
('Braunwalds Heart Disease A Text Book for Cardiovascular Medicine.pdf', 'icon.png', 41, 'library', 'cardiology', 1, 0),
('Buku PPK CP 05Apr16.pdf', 'icon.png', 42, 'library', 'cardiology', 1, 0),
('Buku-ACS-2018.pdf', 'icon.png', 43, 'library', 'cardiology', 1, 0),
('ECG Interpretation 2nd Ed.pdf', 'icon.png', 44, 'library', 'cardiology', 1, 0),
('pedoman dislipidemia 2017.pdf', 'icon.png', 45, 'library', 'cardiology', 1, 0),
('The ECG Made Easy 8ed 2013.pdf', 'icon.png', 46, 'library', 'cardiology', 1, 0),
('Oxford American Handbook of Clinical Examination and Practical Skills.pdf', 'icon.png', 47, 'library', 'prosedur_klinis', 1, 0),
('Practical Medical Procedures at a Glance 2015.pdf', 'icon.png', 48, 'library', 'prosedur_klinis', 1, 1),
('A Short Textbook of Psychiatry 7th Edition (2010).pdf', 'icon.png', 49, 'library', 'psikiatri', 1, 0),
('Attention Deficit Hyperactivity Disorder (ADHD) Drug Free 2008.pdf', 'icon.png', 50, 'library', 'psikiatri', 1, 0),
('Clinical Manual of Emergency Psychiatry.pdf', 'icon.png', 51, 'library', 'psikiatri', 1, 0),
('Coping with Chronic Illness 2008.pdf', 'icon.png', 52, 'library', 'psikiatri', 1, 0),
('New Oxford Textbook of Psychiatry.pdf', 'icon.png', 53, 'library', 'psikiatri', 1, 0),
('Self Management of Depression 2010.pdf', 'icon.png', 54, 'library', 'psikiatri', 1, 0),
('Clinical Tests of Respiratory Function; 3ed 2009 - Copy.pdf', 'icon.png', 55, 'library', 'pulmonologi', 1, 0),
('Entry Level Exam Review for Respiratory Care 2001.pdf', 'icon.png', 56, 'library', 'pulmonologi', 1, 0),
('Murray and Nadel Textbook of Respiratory Medicine 6ed 2016.pdf', 'icon.png', 57, 'library', 'pulmonologi', 1, 0),
('Practical Guide to Mechanical Ventilation 2011.pdf', 'icon.png', 58, 'library', 'pulmonologi', 1, 0),
('abdominal USG 2nd ed.pdf', 'icon.png', 59, 'library', 'radiologi', 1, 0),
('chest imaging; an algorhym to learning 2ed 2011.pdf', 'icon.png', 60, 'library', 'radiologi', 1, 0),
('CT and MRI of the Whole Body; 5ed 2009.pdf', 'icon.png', 61, 'library', 'radiologi', 1, 0),
('Diagnostic Radiology Chest and Cardiovascular Imaging.pdf', 'icon.png', 62, 'library', 'radiologi', 1, 0),
('Diagnostic Ultrasound 2nd Ed.pdf', 'icon.png', 63, 'library', 'radiologi', 1, 0),
('Internal medicine An Illustrated Radiological Guide 2010.pdf', 'icon.png', 64, 'library', 'radiologi', 1, 0),
('Interpreting Chest X-Rays 2005.pdf', 'icon.png', 65, 'library', 'radiologi', 1, 0),
('Merrill - Atlas of Radiographic Positions and Procedures - Vol1 10ed 2003.pdf', 'icon.png', 66, 'library', 'radiologi', 1, 0),
('Merrill - Atlas of Radiographic Positions and Procedures - Vol2 10ed 2003.pdf', 'icon.png', 67, 'library', 'radiologi', 1, 0),
('Merrill - Atlas of Radiographic Positions and Procedures - Vol3 10ed 2003.pdf', 'icon.png', 68, 'library', 'radiologi', 1, 0),
('principle of ct; multislice ct scan.pdf', 'icon.png', 69, 'library', 'radiologi', 1, 0),
('RADIOLOGY MADE RIDICULOUSLY SIMPLE.pdf', 'icon.png', 70, 'library', 'radiologi', 1, 0),
('Stewart Whitley Clarks Procedures in Diagnostic.pdf', 'icon.png', 71, 'library', 'radiologi', 1, 0),
('Ultrasound in Obstetrics and Gynaecology.pdf', 'icon.png', 72, 'library', 'radiologi', 1, 0),
('Ultrasound of the Thyroid and Parathyroid Glands.pdf', 'icon.png', 73, 'library', 'radiologi', 1, 0),
('Workbook for Merrills Atlas of Radiographic Positioning and Procedures.pdf', 'icon.png', 74, 'library', 'radiologi', 1, 0),
('BASIC and CLINICAL BIOSTATISTICS 5th Ed.pdf', 'icon.png', 75, 'library', 'statistik', 1, 2),
('Biostatistics for Epidemiology and.pdf', 'icon.png', 76, 'library', 'statistik', 1, 1),
('Biostatistics for Medical and Biomedical.pdf', 'icon.png', 77, 'library', 'statistik', 1, 0),
('Bio Statistics and Epidemiology.pdf', 'icon.png', 78, 'library', 'statistik', 1, 0),
('Discovering Statistics Using SPSS 3rd Edition Introducing Statistical Method.pdf', 'icon.png', 79, 'library', 'statistik', 1, 0),
('Fundamentals of Biostatistics 7th Edition (Cengage, 2010).pdf', 'icon.png', 80, 'library', 'statistik', 1, 0),
('SPSS Advanced Models v15.pdf', 'icon.png', 81, 'library', 'statistik', 1, 0),
('SPSS 13 0 Brief Guide.pdf', 'icon.png', 82, 'library', 'statistik', 1, 0),
('SPSS For Dummies Second Edition.pdf', 'icon.png', 83, 'library', 'statistik', 1, 1),
('SPSS for Starters.pdf', 'icon.png', 84, 'library', 'statistik', 1, 0),
('Susan White Basic Clinical Biostatistics McGraw Hill 2019.pdf', 'icon.png', 85, 'library', 'statistik', 1, 0),
('Wiley Introductory Biostatistics.pdf', 'icon.png', 86, 'library', 'statistik', 1, 0),
('Color Atlas of Ent Diagnosis; 4ed 2003.pdf', 'icon.png', 87, 'library', 'THT', 1, 0),
('Cummings Otolaryngology 6ed 2015.pdf', 'icon.png', 88, 'library', 'THT', 1, 0),
('ENT and Head and Neck Procedures.pdf', 'icon.png', 89, 'library', 'THT', 1, 0),
('Head and Neck Manifestations of Systemic Disease 2007.pdf', 'icon.png', 90, 'library', 'THT', 1, 0),
('Key Topics in Otolaryngology; 2ed 2001.pdf', 'icon.png', 91, 'library', 'THT', 1, 0),
('oxford ent.pdf', 'icon.png', 92, 'library', 'THT', 1, 0),
('Rapid Review Campbell UROLOGY.pdf', 'icon.png', 93, 'library', 'urologi', 1, 0),
('Glenns Urologic Surgery 8th Ed..pdf', 'icon.png', 94, 'library', 'urologi', 1, 0),
('SPK AND RKK  JOSTINA DINA RATU,A.Md.Kep..pdf', 'icon.png', 95, 'RKK', 'SPK AND RKK  INST.BEDAH', 1, 9),
('SPK AND RKK AIDA SULISTYORINI, S.Kep..pdf', 'icon.png', 96, 'RKK', 'SPK AND RKK  INST.BEDAH', 1, 1),
('SPK AND RKK ANOM YOGA P.,A.Md.Kep..pdf', 'icon.png', 97, 'RKK', 'SPK AND RKK  INST.BEDAH', 1, 3),
('SPK AND RKK ARIFFUDIN WAHYU H.,A.Md.Kep..pdf', 'icon.png', 98, 'RKK', 'SPK AND RKK  INST.BEDAH', 1, 3),
('SPK AND RKK DANI WIDIANTO.,A.Md.Kep..pdf', 'icon.png', 99, 'RKK', 'SPK AND RKK  INST.BEDAH', 1, 2),
('SPK AND RKK DAVID ARI TRI WIBOWO, S.Kep..pdf', 'icon.png', 100, 'RKK', 'SPK AND RKK  INST.BEDAH', 1, 1),
('SPK AND RKK DIATRI MITA V.,A.Md.Kep..pdf', 'icon.png', 101, 'RKK', 'SPK AND RKK  INST.BEDAH', 1, 1),
('SPK AND RKK FAJA AGUSTIN M..,A.Md.Kep..pdf', 'icon.png', 102, 'RKK', 'SPK AND RKK  INST.BEDAH', 1, 1),
('SPK AND RKK KARDIANA ENDARIWATI,A.Md.Kep..pdf', 'icon.png', 103, 'RKK', 'SPK AND RKK  INST.BEDAH', 1, 1),
('SPK AND RKK NI LUH YUYASMI, A.Md.Kep..pdf', 'icon.png', 104, 'RKK', 'SPK AND RKK  INST.BEDAH', 1, 1),
('SPK AND RKK SRI SULISTYORINI, A.Md.Kep..pdf', 'icon.png', 105, 'RKK', 'SPK AND RKK  INST.BEDAH', 1, 4),
('SPK AND RKK ST.YONAS EBO PRASETYO.,A.Md.Kep..pdf', 'icon.png', 106, 'RKK', 'SPK AND RKK  INST.BEDAH', 1, 2),
('SPK AND RKK SYAIFULLAH.,A.Md.Kep..pdf', 'icon.png', 107, 'RKK', 'SPK AND RKK  INST.BEDAH', 1, 1),
('SPK AND RKK WIDENTANTY W.,A.Md.Kep..pdf', 'icon.png', 108, 'RKK', 'SPK AND RKK  INST.BEDAH', 1, 1),
('SPK AND RKKONGKY PURBAYA,A.Md.Kep..pdf', 'icon.png', 109, 'RKK', 'SPK AND RKK  INST.BEDAH', 1, 2),
('SPK AND RKK DORKAS F.BR.SITEPU,S.Kep.,Ns..pdf', 'icon.png', 110, 'RKK', 'SPK AND RKK BIDANG KEPERAWATAN', 1, 2),
('LADY ESTER NOIJA, S.Kep.,Ns..pdf', 'icon.png', 111, 'RKK', 'SPK AND RKK IGD', 1, 5),
('SPK AND RKK AGUNG S.,A.Md.Kep..pdf', 'icon.png', 112, 'RKK', 'SPK AND RKK IGD', 1, 5),
('SPK AND RKK ANISAH,A.Md.Kep..pdf', 'icon.png', 113, 'RKK', 'SPK AND RKK IGD', 1, 3),
('SPK AND RKK ASTRIA PUTRI,A.Md.Kep..pdf', 'icon.png', 114, 'RKK', 'SPK AND RKK IGD', 1, 3),
('SPK AND RKK CHRISTMASGSDI M.,A.Md.Kep..pdf', 'icon.png', 115, 'RKK', 'SPK AND RKK IGD', 1, 1),
('SPK AND RKK FAIZAL ACKBAR.,A.Md.Kep..pdf', 'icon.png', 116, 'RKK', 'SPK AND RKK IGD', 1, 1),
('SPK AND RKK FITRIYAH DWI SURYADI,S.Kep.pdf', 'icon.png', 117, 'RKK', 'SPK AND RKK IGD', 1, 1),
('SPK AND RKK HASTOTANOYO DIMAS W.,S.Kep.,ns..pdf', 'icon.png', 118, 'RKK', 'SPK AND RKK IGD', 1, 1),
('SPK AND RKK HAYYUN NIKMAH,A.Md.Kep..pdf', 'icon.png', 119, 'RKK', 'SPK AND RKK IGD', 1, 1),
('SPK AND RKK IRIN YUNIARTI,A.Md.Kep..pdf', 'icon.png', 120, 'RKK', 'SPK AND RKK IGD', 1, 3),
('SPK AND RKK KAETRIN D.RALEDA,A.Md.Kep..pdf', 'icon.png', 121, 'RKK', 'SPK AND RKK IGD', 1, 1),
('SPK AND RKK KUSNUL ROVIANA, S.Kep.,Ns..pdf', 'icon.png', 122, 'RKK', 'SPK AND RKK IGD', 1, 2),
('SPK AND RKK LURI HEKSA.,A.Md.Kep..pdf', 'icon.png', 123, 'RKK', 'SPK AND RKK IGD', 1, 1),
('SPK AND RKK MARTINUS KLAU D.PORTO, S.Kep.,Ns..pdf', 'icon.png', 124, 'RKK', 'SPK AND RKK IGD', 1, 1),
('SPK AND RKK MULYATI,A.Md.Kep..pdf', 'icon.png', 125, 'RKK', 'SPK AND RKK IGD', 1, 2),
('SPK AND RKK RUMI HANDAYANI,A.Md.Kep..pdf', 'icon.png', 126, 'RKK', 'SPK AND RKK IGD', 1, 1),
('SPK AND RKK RUSMIYATI,A.Md.Kep..pdf', 'icon.png', 127, 'RKK', 'SPK AND RKK IGD', 1, 1),
('SPK AND RKK SAJID PUTUT SETIAWAN, S.Kep.Ns..pdf', 'icon.png', 128, 'RKK', 'SPK AND RKK IGD', 1, 1),
('SPK AND RKK SRI SULISTYONINGSIH,A.Md.Kep..pdf', 'icon.png', 129, 'RKK', 'SPK AND RKK IGD', 1, 3),
('SPK AND RKK SRI WAHYU ARINI,A.Md.Kep..pdf', 'icon.png', 130, 'RKK', 'SPK AND RKK IGD', 1, 1),
('SPK AND RKK UMI HANI,A.Md.Kep..pdf', 'icon.png', 131, 'RKK', 'SPK AND RKK IGD', 1, 1),
('SPK AND RKK WULANSARI AGUSTININGTYAS,A.Md.Kep..pdf', 'icon.png', 132, 'RKK', 'SPK AND RKK IGD', 1, 3),
('SPK AND RKKINDRA SULASTRI.,A.Md.Kep..pdf', 'icon.png', 133, 'RKK', 'SPK AND RKK IGD', 1, 3),
('SPK AND RKKSELONI REGINA MANAFE.,A.Md.Kep..pdf', 'icon.png', 134, 'RKK', 'SPK AND RKK IGD', 1, 1),
('SPK AND  RKK ENIEK WINARNI,A.Md.Kep..pdf', 'icon.png', 135, 'RKK', 'SPK AND RKK POLIKLINIK', 1, 1),
('SPK AND  RKK NINIS M.,A.Md.Kep..pdf', 'icon.png', 136, 'RKK', 'SPK AND RKK POLIKLINIK', 1, 1),
('SPK AND  RKK RENATE ISBANDI, A.Md.Kep..pdf', 'icon.png', 137, 'RKK', 'SPK AND RKK POLIKLINIK', 1, 1),
('SPK AND  RKK SITI KHUSNUL KHOTIMAH, A.Md.Kep..pdf', 'icon.png', 138, 'RKK', 'SPK AND RKK POLIKLINIK', 1, 1),
('SPK AND  RKK SOTYA P.,A.Md.Kep..pdf', 'icon.png', 139, 'RKK', 'SPK AND RKK POLIKLINIK', 1, 2),
('SPK AND  RKK SRI MULYANIK, A.Md.Kep..pdf', 'icon.png', 140, 'RKK', 'SPK AND RKK POLIKLINIK', 1, 1),
('SPK AND  RKK SRI UTAMI, A.Md.Kep..pdf', 'icon.png', 141, 'RKK', 'SPK AND RKK POLIKLINIK', 1, 1),
('SPK AND  RKK WIJI ASTUTIK, A.Md.Kep..pdf', 'icon.png', 142, 'RKK', 'SPK AND RKK POLIKLINIK', 1, 1),
('SPK AND  RKK WIWIN DWI CAHYANI, A.Md.Kep..pdf', 'icon.png', 143, 'RKK', 'SPK AND RKK POLIKLINIK', 1, 1),
('SPK AND RKK ARI YULIANI, S.Kep.,Ns..pdf', 'icon.png', 144, 'RKK', 'SPK AND RKK POLIKLINIK', 1, 1),
('2022-11-16-07-06-23-01.pdf', 'icon.png', 145, 'RKK', 'SPK AND RKK RUANG MIRAH DELIMA', 1, 6),
('SPK AND RKK DEWI SETIANINGSIH, A.Md.Kep..pdf', 'icon.png', 146, 'RKK', 'SPK AND RKK RUANG MIRAH DELIMA', 1, 5),
('SPK AND RKK ERNA DWI R., A.Md.Kep..pdf', 'icon.png', 147, 'RKK', 'SPK AND RKK RUANG MIRAH DELIMA', 1, 2),
('SPK AND RKK ERNA SUCI K., A.Md.Kep..pdf', 'icon.png', 148, 'RKK', 'SPK AND RKK RUANG MIRAH DELIMA', 1, 1),
('SPK AND RKK ERVINA DWI JAYANTI, A.Md.Kep..pdf', 'icon.png', 149, 'RKK', 'SPK AND RKK RUANG MIRAH DELIMA', 1, 1),
('SPK AND RKK RENY AGUSTIN, A.Md.Kep..pdf', 'icon.png', 150, 'RKK', 'SPK AND RKK RUANG MIRAH DELIMA', 1, 1),
('SPK AND RKK SETYO BUDI, S.Kep.,Ns..pdf', 'icon.png', 151, 'RKK', 'SPK AND RKK RUANG MIRAH DELIMA', 1, 2),
('SPK AND RKK SUSIANA DEWI MULYATI, A.Md.Kep..pdf', 'icon.png', 152, 'RKK', 'SPK AND RKK RUANG MIRAH DELIMA', 1, 1),
('SPK AND RKK TYFANNY DAYANA L., A.Md.Kep..pdf', 'icon.png', 153, 'RKK', 'SPK AND RKK RUANG MIRAH DELIMA', 1, 2),
('SPK AND RKK ALVIN INDRIANTO N.,S.Kep.,Ns..pdf', 'icon.png', 154, 'RKK', 'SPK AND RKK RUANG NILAM', 1, 3),
('SPK AND RKK ANIK PURWATI, A.Md.Kep..pdf', 'icon.png', 155, 'RKK', 'SPK AND RKK RUANG NILAM', 1, 1),
('SPK AND RKK ASLIKHA, A.Md.Kep..pdf', 'icon.png', 156, 'RKK', 'SPK AND RKK RUANG NILAM', 1, 2),
('SPK AND RKK DARMIANINGSIH, A.Md.Kep..pdf', 'icon.png', 157, 'RKK', 'SPK AND RKK RUANG NILAM', 1, 3),
('SPK AND RKK DESSY S.,A.Md.Kep..pdf', 'icon.png', 158, 'RKK', 'SPK AND RKK RUANG NILAM', 1, 3),
('SPK AND RKK DEWI PERMATASARI, A.Md.Kep..pdf', 'icon.png', 159, 'RKK', 'SPK AND RKK RUANG NILAM', 1, 2),
('SPK AND RKK DIANA NOVITA J.,S.Kep.,Ns..pdf', 'icon.png', 160, 'RKK', 'SPK AND RKK RUANG NILAM', 1, 3),
('SPK AND RKK ELIZABETH APRILIA R., A.Md.Kep..pdf', 'icon.png', 161, 'RKK', 'SPK AND RKK RUANG NILAM', 1, 3),
('SPK AND RKK ERALDALINA ELSA, A.Md.Kep..pdf', 'icon.png', 162, 'RKK', 'SPK AND RKK RUANG NILAM', 1, 1),
('SPK AND RKK LUSIA INDRIANA, A.Md.Kep..pdf', 'icon.png', 163, 'RKK', 'SPK AND RKK RUANG NILAM', 1, 1),
('SPK AND RKK M.AFNAN AP.S.Kep.,Ns..pdf', 'icon.png', 164, 'RKK', 'SPK AND RKK RUANG NILAM', 1, 1),
('SPK AND RKK SULASTRI, A.Md.Kep..pdf', 'icon.png', 165, 'RKK', 'SPK AND RKK RUANG NILAM', 1, 1),
('SPK AND RKK VICA NATA RONAWATI, S.Kep.,Ns..pdf', 'icon.png', 166, 'RKK', 'SPK AND RKK RUANG NILAM', 1, 1),
('SPK AND RKK YUNI WIDIARTI,A.Md.Kep..pdf', 'icon.png', 167, 'RKK', 'SPK AND RKK RUANG NILAM', 1, 1),
('SPK AND RKKCAHYO NUGROHO A.Md.Kep..pdf', 'icon.png', 168, 'RKK', 'SPK AND RKK RUANG NILAM', 1, 1),
('SPK AND RKKESTER LILIK H., A.Md.Kep..pdf', 'icon.png', 169, 'RKK', 'SPK AND RKK RUANG NILAM', 1, 1),
('SPK ANDRKK ERISA NK.,S.Kep..pdf', 'icon.png', 170, 'RKK', 'SPK AND RKK RUANG NILAM', 1, 2),
('SPK ANDRKK HEKSA SUMARSIH, A.Md.Kep..pdf', 'icon.png', 171, 'RKK', 'SPK AND RKK RUANG NILAM', 1, 1),
('SPK ANDRKK RIRIN SUSIATI,A.Md.Kep..pdf', 'icon.png', 172, 'RKK', 'SPK AND RKK RUANG NILAM', 1, 1),
('SPK ANDRKK YENITA S.,A.Md.Kep..pdf', 'icon.png', 173, 'RKK', 'SPK AND RKK RUANG NILAM', 1, 1),
('SPK AND RKK ALMADYA CANDRA S.,S.Kep.,ns..pdf', 'icon.png', 174, 'RKK', 'SPK AND RKK RUANG NILAM', 1, 2),
('SPK AND RKK IIN F.,A.Md.Kep..pdf', 'icon.png', 175, 'RKK', 'SPK AND RKK UNIT HD', 1, 3),
('SPK AND RKK IKA WIJAYANTI, S.Kep..pdf', 'icon.png', 176, 'RKK', 'SPK AND RKK UNIT HD', 1, 2),
('SPK AND RKK M.IYASSALEH, S.Kep.,Ns..pdf', 'icon.png', 177, 'RKK', 'SPK AND RKK UNIT HD', 1, 2),
('SPK AND RKK MEFASA NUTFA SAGITA.,A.Md.Kep..pdf', 'icon.png', 178, 'RKK', 'SPK AND RKK UNIT HD', 1, 2),
('SPK AND RKK NURIYATI.,A.Md.Kep..pdf', 'icon.png', 179, 'RKK', 'SPK AND RKK UNIT HD', 1, 2),
('SPK AND RKK PENI YULIANINGSIH, S.Kep..pdf', 'icon.png', 180, 'RKK', 'SPK AND RKK UNIT HD', 1, 2),
('SPK AND RKK RL.ANNA P..,A.Md.Kep..pdf', 'icon.png', 181, 'RKK', 'SPK AND RKK UNIT HD', 1, 2),
('SPK AND RKK TANJAK AGUNG S.,A.Md.Kep..pdf', 'icon.png', 182, 'RKK', 'SPK AND RKK UNIT HD', 1, 2),
('SPK AND RKK YANITA ISYABELLA BANDOLA, S.Kep..pdf', 'icon.png', 183, 'RKK', 'SPK AND RKK UNIT HD', 1, 2),
('AHRQ Hospital Survey on Patient Safety Culture.pdf', 'icon.png', 184, 'BUDAYA KESELAMATAN', 'BUDAYA KESELAMATAN', 1, 0),
('IJHCQA-10-2008 Improving patient safety culture-HellingsJetal.pdf', 'icon.png', 185, 'BUDAYA KESELAMATAN', 'BUDAYA KESELAMATAN', 1, 0),
('Panduan Pengukuran Budaya Keselamatan.pdf', 'icon.png', 186, 'BUDAYA KESELAMATAN', 'BUDAYA KESELAMATAN', 1, 5),
('PEDOMAN BUDAYA KESELAMATAN.pdf', 'icon.png', 187, 'BUDAYA KESELAMATAN', 'BUDAYA KESELAMATAN', 1, 8),
('SOPS-Hospital-Survey-2.0-5-26-2021.pdf', 'icon.png', 188, 'BUDAYA KESELAMATAN', 'BUDAYA KESELAMATAN', 1, 0),
('The patient safety culture_a systematic review.pdf', 'icon.png', 189, 'BUDAYA KESELAMATAN', 'BUDAYA KESELAMATAN', 1, 0),
('PEDOMAN KESELAMATAN PASIEN 2022 acc.pdf', 'icon.png', 190, 'BUDAYA KESELAMATAN', 'BUDAYA KESELAMATAN', 1, 1),
('PANDUAN SP2KPRS acc.pdf', 'icon.png', 191, 'BUDAYA KESELAMATAN', 'BUDAYA KESELAMATAN', 1, 0),
('PANDUAN RCA acc.pdf', 'icon.png', 192, 'BUDAYA KESELAMATAN', 'BUDAYA KESELAMATAN', 1, 0),
('Panduan Pengukuran Budaya Keselamatan (25112022) acc.pdf', 'icon.png', 193, 'BUDAYA KESELAMATAN', 'BUDAYA KESELAMATAN', 1, 0),
('PEDOMAN BUDAYA KESELAMATAN 251122 acc.pdf', 'icon.png', 194, 'BUDAYA KESELAMATAN', 'BUDAYA KESELAMATAN', 1, 0),
('PEDOMAN NASIONAL KESELAMATAN PASIEN.pdf', 'icon.png', 195, 'BUDAYA KESELAMATAN', 'BUDAYA KESELAMATAN', 1, 2),
('Pedoman Pelaporan Insiden Keselamatan Pasien.pdf', 'icon.png', 196, 'BUDAYA KESELAMATAN', 'BUDAYA KESELAMATAN', 1, 1),
('SPO KEPERAWATAN_2022.pdf', 'icon.png', 197, 'RKK', 'PAK AND SPO', 1, 28),
('PAK_2022.pdf', 'icon.png', 198, 'RKK', 'PAK AND SPO', 1, 13),
('PPAB RSWB 2022 (kenanga) fix acc.pdf', 'icon.png', 221, 'farmasi', 'PPAB', 1, 4),
('FORMULARIUM RS 2021.pdf', 'icon.png', 222, 'farmasi', 'Formularium', 1, 1),
('Formularium Nasional 2019.pdf', 'icon.png', 223, 'farmasi', 'Formularium', 1, 4),
('FORMULARIUM 2022 FIX.pdf', 'icon.png', 224, 'farmasi', 'Formularium', 1, 4),
('PROTOKOL PELARUTAN SEDIAAN INJEKSI.pdf', 'icon.png', 225, 'farmasi', 'Dispensing steril', 1, 2);

-- --------------------------------------------------------

--
-- Table structure for table `home`
--

CREATE TABLE `home` (
  `home` varchar(255) DEFAULT NULL,
  `logo` varchar(255) DEFAULT NULL
) ENGINE=InnoDB DEFAULT CHARSET=utf8mb4;

--
-- Dumping data for table `home`
--

INSERT INTO `home` (`home`, `logo`) VALUES
('library', 'folder.jpg'),
('keperawatan', 'folder.jpg'),
('mutu', 'folder.jpg'),
('farmasi', 'folder.jpg'),
('Unit Test', 'folder.jpg');

-- --------------------------------------------------------

--
-- Table structure for table `keperawatan`
--

CREATE TABLE `keperawatan` (
  `namafile` varchar(255) DEFAULT NULL,
  `logo` varchar(255) DEFAULT NULL,
  `no` int(11) DEFAULT NULL,
  `jenis` varchar(255) DEFAULT NULL,
  `poli` varchar(255) DEFAULT NULL,
  `active` int(11) DEFAULT NULL,
  `jumlah_view` int(11) DEFAULT NULL,
  `nama` varchar(255) DEFAULT NULL
) ENGINE=InnoDB DEFAULT CHARSET=utf8mb4;

--
-- Dumping data for table `keperawatan`
--

INSERT INTO `keperawatan` (`namafile`, `logo`, `no`, `jenis`, `poli`, `active`, `jumlah_view`, `nama`) VALUES
(NULL, NULL, NULL, 'keperawatan', 'igd', NULL, NULL, 'Agung Supriyanto');

-- --------------------------------------------------------

--
-- Table structure for table `master_nama`
--

CREATE TABLE `master_nama` (
  `nama` varchar(255) DEFAULT NULL,
  `logo` varchar(255) DEFAULT NULL,
  `poli` varchar(255) DEFAULT NULL
) ENGINE=InnoDB DEFAULT CHARSET=utf8mb4;

--
-- Dumping data for table `master_nama`
--

INSERT INTO `master_nama` (`nama`, `logo`, `poli`) VALUES
('Agung Supriyanto', 'folder.jpg', 'igd'),
('Anisah', 'folder.jpg', 'igd'),
('Astria Putri', 'folder.jpg', 'igd'),
('Beni Putra Indrawan', 'folder.jpg', 'igd'),
('Christmagsdi Mellqyas', 'folder.jpg', 'igd'),
('Faizal Ackbar', 'folder.jpg', 'igd'),
('Fitriyah Dwi Suryadi', 'folder.jpg', 'igd'),
('Hastotanoyo Dimas Widjanarko', 'folder.jpg', 'igd'),
('Hayyun Nikmah', 'folder.jpg', 'igd'),
('Indra Sulastri', 'folder.jpg', 'igd'),
('Irin Yuniarti', 'folder.jpg', 'igd'),
('Kaetrin Deschristmasti Raleda', 'folder.jpg', 'igd'),
('Kusnul Roviana', 'folder.jpg', 'igd'),
('Lady Ester Noija', 'folder.jpg', 'igd'),
('Luri Heksa', 'folder.jpg', 'igd'),
('Martinus Klau D Porto', 'folder.jpg', 'igd'),
('Mulyati', 'folder.jpg', 'igd'),
('Rumi Handayani', 'folder.jpg', 'igd'),
('Rusmiyati', 'folder.jpg', 'igd'),
('Sajid Putut Setiawan', 'folder.jpg', 'igd'),
('Sri Sulistyoningsih', 'folder.jpg', 'igd'),
('Sri Wahyu Arini', 'folder.jpg', 'igd'),
('Umihani', 'folder.jpg', 'igd'),
('Wulan Sari Agustiningtyas', 'folder.jpg', 'igd');

-- --------------------------------------------------------

--
-- Table structure for table `poli_keperawatan`
--

CREATE TABLE `poli_keperawatan` (
  `poli` varchar(255) DEFAULT NULL,
  `logo` varchar(255) DEFAULT NULL
) ENGINE=InnoDB DEFAULT CHARSET=utf8mb4;

--
-- Dumping data for table `poli_keperawatan`
--

INSERT INTO `poli_keperawatan` (`poli`, `logo`) VALUES
('igd', 'folder.jpg'),
('nilam', 'folder.jpg'),
('rc', 'folder.jpg');

-- --------------------------------------------------------

--
-- Table structure for table `poli_m`
--

CREATE TABLE `poli_m` (
  `poli` varchar(255) DEFAULT NULL,
  `logo` varchar(255) DEFAULT NULL,
  `active` int(11) DEFAULT NULL,
  `home` varchar(255) DEFAULT NULL
) ENGINE=InnoDB DEFAULT CHARSET=utf8mb4;

--
-- Dumping data for table `poli_m`
--

INSERT INTO `poli_m` (`poli`, `logo`, `active`, `home`) VALUES
('anestesi', 'folder.jpg', 1, 'library'),
('bedah', 'folder.jpg', 1, 'library'),
('cardiology', 'folder.jpg', 1, 'library'),
('prosedur_klinis', 'folder.jpg', 1, 'library'),
('psikiatri', 'folder.jpg', 1, 'library'),
('pulmonologi', 'folder.jpg', 1, 'library'),
('radiologi', 'folder.jpg', 1, 'library'),
('statistik', 'folder.jpg', 1, 'library'),
('THT', 'folder.jpg', 1, 'library'),
('urologi', 'folder.jpg', 1, 'library'),
('SPK AND RKK  INST.BEDAH', 'folder.jpg', 0, 'keperawatan'),
('SPK AND RKK BIDANG KEPERAWATAN', 'folder.jpg', 0, 'keperawatan'),
('SPK AND RKK IGD', 'folder.jpg', 0, 'keperawatan'),
('SPK AND RKK POLIKLINIK', 'folder.jpg', 0, 'keperawatan'),
('SPK AND RKK RUANG MIRAH DELIMA', 'folder.jpg', 0, 'keperawatan'),
('SPK AND RKK RUANG NILAM', 'folder.jpg', 0, 'keperawatan'),
('SPK AND RKK UNIT HD', 'folder.jpg', 0, 'keperawatan'),
('BUDAYA KESELAMATAN', 'folder.jpg', 1, 'mutu'),
('PAK AND SPO', 'folder.jpg', 1, 'keperawatan'),
('SPK AND RKK UNIT ICU', 'folder.jpg', 0, 'keperawatan'),
('SPK AND RKK RATNA CEMPAKA', 'folder.jpg', 0, 'keperawatan'),
('Formularium', 'folder.jpg', 1, 'farmasi'),
('File Kepegawaian', 'folder.jpg', 1, 'keperawatan'),
('PPAB', 'folder.jpg', 1, 'farmasi'),
('Dispensing steril', 'folder.jpg', 1, 'farmasi');

-- --------------------------------------------------------

--
-- Table structure for table `user`
--

CREATE TABLE `user` (
  `username` varchar(255) DEFAULT NULL,
  `password` varchar(255) DEFAULT NULL
) ENGINE=InnoDB DEFAULT CHARSET=utf8mb4;

--
-- Dumping data for table `user`
--

INSERT INTO `user` (`username`, `password`) VALUES
('kuat197111', 'cf862b9e9f2a7be088f501de9727a5cc'),
('nashihuddin19657', 'cf862b9e9f2a7be088f501de9727a5cc'),
('chamimah19704', 'cf862b9e9f2a7be088f501de9727a5cc'),
('bibit19701', 'cf862b9e9f2a7be088f501de9727a5cc'),
('agus19678', 'cf862b9e9f2a7be088f501de9727a5cc'),
('mitra19914', 'cf862b9e9f2a7be088f501de9727a5cc'),
('rijanto19555', 'cf862b9e9f2a7be088f501de9727a5cc'),
('geraldina19676', 'cf862b9e9f2a7be088f501de9727a5cc'),
('agus19776', 'cf862b9e9f2a7be088f501de9727a5cc'),
('eva19726', 'cf862b9e9f2a7be088f501de9727a5cc'),
('ferry19762', 'cf862b9e9f2a7be088f501de9727a5cc'),
('djumadi19713', 'cf862b9e9f2a7be088f501de9727a5cc'),
('rukimin196612', 'cf862b9e9f2a7be088f501de9727a5cc'),
('murdjiati19681', 'cf862b9e9f2a7be088f501de9727a5cc'),
('ermin19657', 'cf862b9e9f2a7be088f501de9727a5cc'),
('dewi19922', 'cf862b9e9f2a7be088f501de9727a5cc'),
('joko19846', 'cf862b9e9f2a7be088f501de9727a5cc'),
('rita19763', 'cf862b9e9f2a7be088f501de9727a5cc'),
('tjatur19667', 'cf862b9e9f2a7be088f501de9727a5cc'),
('hindun19674', 'cf862b9e9f2a7be088f501de9727a5cc'),
('arif199711', 'cf862b9e9f2a7be088f501de9727a5cc'),
('sami19706', 'cf862b9e9f2a7be088f501de9727a5cc'),
('marta200205', 'cf862b9e9f2a7be088f501de9727a5cc'),
('esti19817', 'cf862b9e9f2a7be088f501de9727a5cc'),
('roslina19744', 'cf862b9e9f2a7be088f501de9727a5cc'),
('revan200011', 'cf862b9e9f2a7be088f501de9727a5cc'),
('liliane19945', 'cf862b9e9f2a7be088f501de9727a5cc'),
('nimade196611', 'cf862b9e9f2a7be088f501de9727a5cc'),
('agus197310', 'cf862b9e9f2a7be088f501de9727a5cc'),
('rambu195910', 'cf862b9e9f2a7be088f501de9727a5cc'),
('sarif197210', 'cf862b9e9f2a7be088f501de9727a5cc'),
('sulistiyowati19695', 'cf862b9e9f2a7be088f501de9727a5cc'),
('harti19694', 'cf862b9e9f2a7be088f501de9727a5cc'),
('desi199512', 'cf862b9e9f2a7be088f501de9727a5cc'),
('vivie19947', 'cf862b9e9f2a7be088f501de9727a5cc'),
('lucia19716', 'cf862b9e9f2a7be088f501de9727a5cc'),
('yusril19979', 'cf862b9e9f2a7be088f501de9727a5cc'),
('100303917', 'cf862b9e9f2a7be088f501de9727a5cc'),
('urip19516', 'cf862b9e9f2a7be088f501de9727a5cc'),
('jostina19758', 'cf862b9e9f2a7be088f501de9727a5cc'),
('mulyati19763', 'cf862b9e9f2a7be088f501de9727a5cc'),
('heri19811', 'cf862b9e9f2a7be088f501de9727a5cc'),
('mudji19693', 'cf862b9e9f2a7be088f501de9727a5cc'),
('sautma19719', 'cf862b9e9f2a7be088f501de9727a5cc'),
('magdalena19917', 'cf862b9e9f2a7be088f501de9727a5cc'),
('sukardi19673', 'cf862b9e9f2a7be088f501de9727a5cc'),
('agus19668', 'cf862b9e9f2a7be088f501de9727a5cc'),
('juliani19727', 'cf862b9e9f2a7be088f501de9727a5cc'),
('rita196910', 'cf862b9e9f2a7be088f501de9727a5cc'),
('devita198912', 'cf862b9e9f2a7be088f501de9727a5cc'),
('arif198212', 'cf862b9e9f2a7be088f501de9727a5cc'),
('rotua19819', 'cf862b9e9f2a7be088f501de9727a5cc'),
('maria19762', 'cf862b9e9f2a7be088f501de9727a5cc'),
('shinta19846', 'cf862b9e9f2a7be088f501de9727a5cc'),
('angga20001', 'cf862b9e9f2a7be088f501de9727a5cc'),
('endang19727', 'cf862b9e9f2a7be088f501de9727a5cc'),
('diatry19779', 'cf862b9e9f2a7be088f501de9727a5cc'),
('julius19947', 'cf862b9e9f2a7be088f501de9727a5cc'),
('igusti19575', 'cf862b9e9f2a7be088f501de9727a5cc'),
('david19871', 'cf862b9e9f2a7be088f501de9727a5cc'),
('pricilia19981', 'cf862b9e9f2a7be088f501de9727a5cc'),
('robent196810', 'cf862b9e9f2a7be088f501de9727a5cc'),
('selvia19975', 'cf862b9e9f2a7be088f501de9727a5cc'),
('iswahyudi19496', 'cf862b9e9f2a7be088f501de9727a5cc'),
('andrijano19608', 'cf862b9e9f2a7be088f501de9727a5cc'),
('amin19478', 'cf862b9e9f2a7be088f501de9727a5cc'),
('eko20001', 'cf862b9e9f2a7be088f501de9727a5cc'),
('sulikah20001', 'cf862b9e9f2a7be088f501de9727a5cc'),
('gibtono20001', 'cf862b9e9f2a7be088f501de9727a5cc'),
('nurhayati19691', 'cf862b9e9f2a7be088f501de9727a5cc'),
('suhariyani196911', 'cf862b9e9f2a7be088f501de9727a5cc'),
('zobali20001', 'cf862b9e9f2a7be088f501de9727a5cc'),
('yan19751', 'cf862b9e9f2a7be088f501de9727a5cc'),
('support', 'cf862b9e9f2a7be088f501de9727a5cc'),
('etty19746', 'cf862b9e9f2a7be088f501de9727a5cc'),
('amanda19978', 'cf862b9e9f2a7be088f501de9727a5cc'),
('widodo20211', 'cf862b9e9f2a7be088f501de9727a5cc'),
('faja19709', 'cf862b9e9f2a7be088f501de9727a5cc'),
('dikman194111', 'cf862b9e9f2a7be088f501de9727a5cc'),
('herman199801', 'cf862b9e9f2a7be088f501de9727a5cc'),
('meycha19985', 'cf862b9e9f2a7be088f501de9727a5cc'),
('anne19924', 'cf862b9e9f2a7be088f501de9727a5cc'),
('darwati19671', 'cf862b9e9f2a7be088f501de9727a5cc'),
('dewi197110', 'cf862b9e9f2a7be088f501de9727a5cc'),
('sri19711', 'cf862b9e9f2a7be088f501de9727a5cc'),
('sri19458', 'cf862b9e9f2a7be088f501de9727a5cc'),
('martha20001', 'cf862b9e9f2a7be088f501de9727a5cc'),
('peni197312', 'cf862b9e9f2a7be088f501de9727a5cc'),
('yatiani19673', 'cf862b9e9f2a7be088f501de9727a5cc'),
('eusebius19978', 'cf862b9e9f2a7be088f501de9727a5cc'),
('sri19695', 'cf862b9e9f2a7be088f501de9727a5cc'),
('nursaadah19734', 'cf862b9e9f2a7be088f501de9727a5cc'),
('mareta20043', 'cf862b9e9f2a7be088f501de9727a5cc'),
('andy198712', 'cf862b9e9f2a7be088f501de9727a5cc'),
('anisah19725', 'cf862b9e9f2a7be088f501de9727a5cc'),
('luri19897', 'cf862b9e9f2a7be088f501de9727a5cc'),
('dionisius20001', 'cf862b9e9f2a7be088f501de9727a5cc'),
('kurnijawati19818', 'cf862b9e9f2a7be088f501de9727a5cc'),
('florendy20001', 'cf862b9e9f2a7be088f501de9727a5cc'),
('kurnia19996', 'cf862b9e9f2a7be088f501de9727a5cc'),
('harold19708', 'cf862b9e9f2a7be088f501de9727a5cc'),
('achmad198210', 'cf862b9e9f2a7be088f501de9727a5cc'),
('yosephine19931', 'cf862b9e9f2a7be088f501de9727a5cc'),
('kaetrin199712', 'cf862b9e9f2a7be088f501de9727a5cc'),
('endang20001', 'cf862b9e9f2a7be088f501de9727a5cc'),
('indra19915', 'cf862b9e9f2a7be088f501de9727a5cc'),
('ardityo20211', 'cf862b9e9f2a7be088f501de9727a5cc'),
('bhre20001', 'cf862b9e9f2a7be088f501de9727a5cc'),
('helena19967', 'cf862b9e9f2a7be088f501de9727a5cc'),
('riyan20007', 'cf862b9e9f2a7be088f501de9727a5cc'),
('natalia199912', 'cf862b9e9f2a7be088f501de9727a5cc'),
('apt.kenanga19905', 'cf862b9e9f2a7be088f501de9727a5cc'),
('tony20211', 'cf862b9e9f2a7be088f501de9727a5cc'),
('setyo199110', 'cf862b9e9f2a7be088f501de9727a5cc'),
('rumi197311', 'cf862b9e9f2a7be088f501de9727a5cc'),
('selviana19979', 'cf862b9e9f2a7be088f501de9727a5cc'),
('dessy198912', 'cf862b9e9f2a7be088f501de9727a5cc'),
('yessica20211', 'cf862b9e9f2a7be088f501de9727a5cc'),
('yakub19794', 'cf862b9e9f2a7be088f501de9727a5cc'),
('sajid19979', 'cf862b9e9f2a7be088f501de9727a5cc'),
('iin19928', 'cf862b9e9f2a7be088f501de9727a5cc'),
('ety19759', 'cf862b9e9f2a7be088f501de9727a5cc'),
('veronika20211', 'cf862b9e9f2a7be088f501de9727a5cc'),
('marjono198911', 'cf862b9e9f2a7be088f501de9727a5cc'),
('darmianingsih198211', 'cf862b9e9f2a7be088f501de9727a5cc'),
('metodius19946', 'cf862b9e9f2a7be088f501de9727a5cc'),
('anggun19912', 'cf862b9e9f2a7be088f501de9727a5cc'),
('saifullah19763', 'cf862b9e9f2a7be088f501de9727a5cc'),
('ula19982', 'cf862b9e9f2a7be088f501de9727a5cc'),
('ervina199111', 'cf862b9e9f2a7be088f501de9727a5cc'),
('jemmy197010', 'cf862b9e9f2a7be088f501de9727a5cc'),
('maharani19923', 'cf862b9e9f2a7be088f501de9727a5cc'),
('nawang19782', 'cf862b9e9f2a7be088f501de9727a5cc'),
('annisa200210', 'cf862b9e9f2a7be088f501de9727a5cc'),
('robertus19948', 'cf862b9e9f2a7be088f501de9727a5cc'),
('mohammad19894', 'cf862b9e9f2a7be088f501de9727a5cc'),
('harsono19693', 'cf862b9e9f2a7be088f501de9727a5cc'),
('mega19856', 'cf862b9e9f2a7be088f501de9727a5cc'),
('eko19818', 'cf862b9e9f2a7be088f501de9727a5cc'),
('arnandita199910', 'cf862b9e9f2a7be088f501de9727a5cc'),
('fitriah19846', 'cf862b9e9f2a7be088f501de9727a5cc'),
('erreza19848', 'cf862b9e9f2a7be088f501de9727a5cc'),
('indra19766', 'cf862b9e9f2a7be088f501de9727a5cc'),
('fernando20001', 'cf862b9e9f2a7be088f501de9727a5cc'),
('irin19736', 'cf862b9e9f2a7be088f501de9727a5cc'),
('niluh197511', 'cf862b9e9f2a7be088f501de9727a5cc'),
('fransiska19785', 'cf862b9e9f2a7be088f501de9727a5cc'),
('anggi19965', 'cf862b9e9f2a7be088f501de9727a5cc'),
('nyoman20211', 'cf862b9e9f2a7be088f501de9727a5cc'),
('umi197411', 'cf862b9e9f2a7be088f501de9727a5cc'),
('ariffudin19903', 'cf862b9e9f2a7be088f501de9727a5cc'),
('vinodini198012', 'cf862b9e9f2a7be088f501de9727a5cc'),
('ika19859', 'cf862b9e9f2a7be088f501de9727a5cc'),
('seloni199812', 'cf862b9e9f2a7be088f501de9727a5cc'),
('nabilla19985', 'cf862b9e9f2a7be088f501de9727a5cc'),
('dani19896', 'cf862b9e9f2a7be088f501de9727a5cc'),
('reny19898', 'cf862b9e9f2a7be088f501de9727a5cc'),
('siti19767', 'cf862b9e9f2a7be088f501de9727a5cc'),
('diana199011', 'cf862b9e9f2a7be088f501de9727a5cc'),
('hindry199212', 'cf862b9e9f2a7be088f501de9727a5cc'),
('sri19749', 'cf862b9e9f2a7be088f501de9727a5cc'),
('sita196012', 'cf862b9e9f2a7be088f501de9727a5cc'),
('veronica19809', 'cf862b9e9f2a7be088f501de9727a5cc'),
('theresia199811', 'cf862b9e9f2a7be088f501de9727a5cc'),
('ratri19802', 'cf862b9e9f2a7be088f501de9727a5cc'),
('kitto19913', 'cf862b9e9f2a7be088f501de9727a5cc'),
('susiana19988', 'cf862b9e9f2a7be088f501de9727a5cc'),
('inayah198510', 'cf862b9e9f2a7be088f501de9727a5cc'),
('devi199512', 'cf862b9e9f2a7be088f501de9727a5cc'),
('sri19734', 'cf862b9e9f2a7be088f501de9727a5cc'),
('adhitya19865', 'cf862b9e9f2a7be088f501de9727a5cc'),
('irvan19964', 'cf862b9e9f2a7be088f501de9727a5cc'),
('silvia199110', 'cf862b9e9f2a7be088f501de9727a5cc'),
('daniel19974', 'cf862b9e9f2a7be088f501de9727a5cc'),
('ayu19979', 'cf862b9e9f2a7be088f501de9727a5cc'),
('kardiana197511', 'cf862b9e9f2a7be088f501de9727a5cc'),
('dwi19637', 'cf862b9e9f2a7be088f501de9727a5cc'),
('andika20001', 'cf862b9e9f2a7be088f501de9727a5cc'),
('denny20211', 'cf862b9e9f2a7be088f501de9727a5cc'),
('annita19822', 'cf862b9e9f2a7be088f501de9727a5cc'),
('abdurrohman20001', 'cf862b9e9f2a7be088f501de9727a5cc'),
('fely20038', 'cf862b9e9f2a7be088f501de9727a5cc'),
('rinda20005', 'cf862b9e9f2a7be088f501de9727a5cc'),
('indah20001', 'cf862b9e9f2a7be088f501de9727a5cc'),
('bagus1406', 'cf862b9e9f2a7be088f501de9727a5cc'),
('tivanny19986', 'cf862b9e9f2a7be088f501de9727a5cc'),
('giarti19728', 'cf862b9e9f2a7be088f501de9727a5cc'),
('beni199111', 'cf862b9e9f2a7be088f501de9727a5cc'),
('mei19885', 'cf862b9e9f2a7be088f501de9727a5cc'),
('fransiska198010', 'cf862b9e9f2a7be088f501de9727a5cc'),
('tanjak19695', 'cf862b9e9f2a7be088f501de9727a5cc'),
('pany19907', 'cf862b9e9f2a7be088f501de9727a5cc'),
('nurul199110', 'cf862b9e9f2a7be088f501de9727a5cc'),
('almadya199210', 'cf862b9e9f2a7be088f501de9727a5cc'),
('chrissofer19994', 'cf862b9e9f2a7be088f501de9727a5cc'),
('porto199611', 'cf862b9e9f2a7be088f501de9727a5cc'),
('ester19886', 'cf862b9e9f2a7be088f501de9727a5cc'),
('agnes19957', 'cf862b9e9f2a7be088f501de9727a5cc'),
('sri19748', 'cf862b9e9f2a7be088f501de9727a5cc'),
('agung19882', 'cf862b9e9f2a7be088f501de9727a5cc'),
('dorkas19798', 'cf862b9e9f2a7be088f501de9727a5cc'),
('ririn197612', 'cf862b9e9f2a7be088f501de9727a5cc'),
('anom19912', 'cf862b9e9f2a7be088f501de9727a5cc'),
('renie19756', 'cf862b9e9f2a7be088f501de9727a5cc'),
('rani19922', 'cf862b9e9f2a7be088f501de9727a5cc'),
('retno19853', 'cf862b9e9f2a7be088f501de9727a5cc'),
('lady199611', 'cf862b9e9f2a7be088f501de9727a5cc'),
('pria196711', 'cf862b9e9f2a7be088f501de9727a5cc'),
('budiwati19772', 'cf862b9e9f2a7be088f501de9727a5cc'),
('dadang197611', 'cf862b9e9f2a7be088f501de9727a5cc'),
('hayyun199810', 'cf862b9e9f2a7be088f501de9727a5cc'),
('juni19676', 'cf862b9e9f2a7be088f501de9727a5cc'),
('ita19922', 'cf862b9e9f2a7be088f501de9727a5cc'),
('wahyu20001', 'cf862b9e9f2a7be088f501de9727a5cc'),
('rawi19722', 'cf862b9e9f2a7be088f501de9727a5cc'),
('cinta199711', 'cf862b9e9f2a7be088f501de9727a5cc'),
('setianingsih19771', 'cf862b9e9f2a7be088f501de9727a5cc'),
('grace19973', 'cf862b9e9f2a7be088f501de9727a5cc'),
('lusiyati19677', 'cf862b9e9f2a7be088f501de9727a5cc'),
('vanessa19968', 'cf862b9e9f2a7be088f501de9727a5cc'),
('ragil19932', 'cf862b9e9f2a7be088f501de9727a5cc'),
('junis19944', 'cf862b9e9f2a7be088f501de9727a5cc'),
('mia19853', 'cf862b9e9f2a7be088f501de9727a5cc'),
('dwi19856', 'cf862b9e9f2a7be088f501de9727a5cc'),
('aris199310', 'cf862b9e9f2a7be088f501de9727a5cc'),
('peni19927', 'cf862b9e9f2a7be088f501de9727a5cc'),
('arda20211', 'cf862b9e9f2a7be088f501de9727a5cc'),
('fitriyah19934', 'cf862b9e9f2a7be088f501de9727a5cc'),
('kun20211', 'cf862b9e9f2a7be088f501de9727a5cc'),
('alvin19978', 'cf862b9e9f2a7be088f501de9727a5cc'),
('nurwati196411', 'cf862b9e9f2a7be088f501de9727a5cc'),
('elly19814', 'cf862b9e9f2a7be088f501de9727a5cc'),
('aslikha19724', 'cf862b9e9f2a7be088f501de9727a5cc'),
('ida19836', 'cf862b9e9f2a7be088f501de9727a5cc'),
('andriana19927', 'cf862b9e9f2a7be088f501de9727a5cc'),
('ning19768', 'cf862b9e9f2a7be088f501de9727a5cc'),
('dewi19924', 'cf862b9e9f2a7be088f501de9727a5cc'),
('rusmiyati197611', 'cf862b9e9f2a7be088f501de9727a5cc'),
('mohamad19934', 'cf862b9e9f2a7be088f501de9727a5cc'),
('yosafat19918', 'cf862b9e9f2a7be088f501de9727a5cc'),
('yemima19855', 'cf862b9e9f2a7be088f501de9727a5cc'),
('cahyo199411', 'cf862b9e9f2a7be088f501de9727a5cc'),
('muizzudin199812', 'cf862b9e9f2a7be088f501de9727a5cc'),
('kusnul19968', 'cf862b9e9f2a7be088f501de9727a5cc'),
('endah19758', 'cf862b9e9f2a7be088f501de9727a5cc'),
('yuli19777', 'cf862b9e9f2a7be088f501de9727a5cc'),
('ria20001', 'cf862b9e9f2a7be088f501de9727a5cc'),
('suharti198010', 'cf862b9e9f2a7be088f501de9727a5cc'),
('atik19746', 'cf862b9e9f2a7be088f501de9727a5cc'),
('ruwaidah111199', 'cf862b9e9f2a7be088f501de9727a5cc'),
('abednego20001', 'cf862b9e9f2a7be088f501de9727a5cc'),
('hastotanoyo19975', 'cf862b9e9f2a7be088f501de9727a5cc'),
('rinda19805', 'cf862b9e9f2a7be088f501de9727a5cc'),
('rustina19708', 'cf862b9e9f2a7be088f501de9727a5cc'),
('kumiasih19703', 'cf862b9e9f2a7be088f501de9727a5cc'),
('sokhi20001', 'cf862b9e9f2a7be088f501de9727a5cc'),
('luhur19884', 'cf862b9e9f2a7be088f501de9727a5cc'),
('wulan19768', 'cf862b9e9f2a7be088f501de9727a5cc'),
('widentanty197811', 'cf862b9e9f2a7be088f501de9727a5cc'),
('glen19874', 'cf862b9e9f2a7be088f501de9727a5cc'),
('edwin19731', 'cf862b9e9f2a7be088f501de9727a5cc'),
('erna197510', 'cf862b9e9f2a7be088f501de9727a5cc'),
('margret19962', 'cf862b9e9f2a7be088f501de9727a5cc'),
('vica19916', 'cf862b9e9f2a7be088f501de9727a5cc'),
('nelson19915', 'cf862b9e9f2a7be088f501de9727a5cc'),
('sri19738', 'cf862b9e9f2a7be088f501de9727a5cc'),
('nuriyati19763', 'cf862b9e9f2a7be088f501de9727a5cc'),
('marselina19905', 'cf862b9e9f2a7be088f501de9727a5cc'),
('enny19724', 'cf862b9e9f2a7be088f501de9727a5cc'),
('maria198511', 'cf862b9e9f2a7be088f501de9727a5cc'),
('faizal19897', 'cf862b9e9f2a7be088f501de9727a5cc'),
('heksa19763', 'cf862b9e9f2a7be088f501de9727a5cc'),
('edijono19552', 'cf862b9e9f2a7be088f501de9727a5cc'),
('dedy19852', 'cf862b9e9f2a7be088f501de9727a5cc'),
('christie19999', 'cf862b9e9f2a7be088f501de9727a5cc'),
('eraldalina199110', 'cf862b9e9f2a7be088f501de9727a5cc'),
('anik197611', 'cf862b9e9f2a7be088f501de9727a5cc'),
('magdalena19816', 'cf862b9e9f2a7be088f501de9727a5cc'),
('wiwik19716', 'cf862b9e9f2a7be088f501de9727a5cc'),
('sulastri19917', 'cf862b9e9f2a7be088f501de9727a5cc'),
('sukma20001', 'cf862b9e9f2a7be088f501de9727a5cc'),
('febry1902', 'cf862b9e9f2a7be088f501de9727a5cc'),
('yolan199610', 'cf862b9e9f2a7be088f501de9727a5cc'),
('ninik19806', 'cf862b9e9f2a7be088f501de9727a5cc'),
('dara19949', 'cf862b9e9f2a7be088f501de9727a5cc'),
('tio20211', 'cf862b9e9f2a7be088f501de9727a5cc'),
('yenita19925', 'cf862b9e9f2a7be088f501de9727a5cc'),
('sunali19692', 'cf862b9e9f2a7be088f501de9727a5cc'),
('yosa20001', 'cf862b9e9f2a7be088f501de9727a5cc'),
('fahmi19993', 'cf862b9e9f2a7be088f501de9727a5cc'),
('olivia19811', 'cf862b9e9f2a7be088f501de9727a5cc'),
('moeharsanto19471', 'cf862b9e9f2a7be088f501de9727a5cc'),
('armyta198012', 'cf862b9e9f2a7be088f501de9727a5cc'),
('rivaldo22121', 'cf862b9e9f2a7be088f501de9727a5cc'),
('ariyanti19819', 'cf862b9e9f2a7be088f501de9727a5cc'),
('wiji19773', 'cf862b9e9f2a7be088f501de9727a5cc'),
('bramantyo19828', 'cf862b9e9f2a7be088f501de9727a5cc'),
('ahmat19984', 'cf862b9e9f2a7be088f501de9727a5cc'),
('dewi20005', 'cf862b9e9f2a7be088f501de9727a5cc'),
('happy19923', 'cf862b9e9f2a7be088f501de9727a5cc'),
('dean19981', 'cf862b9e9f2a7be088f501de9727a5cc'),
('renate19765', 'cf862b9e9f2a7be088f501de9727a5cc'),
('wiwin198012', 'cf862b9e9f2a7be088f501de9727a5cc'),
('mefasa19944', 'cf862b9e9f2a7be088f501de9727a5cc'),
('erna19792', 'cf862b9e9f2a7be088f501de9727a5cc'),
('neria198611', 'cf862b9e9f2a7be088f501de9727a5cc'),
('friska198211', 'cf862b9e9f2a7be088f501de9727a5cc'),
('jhoni199612', 'cf862b9e9f2a7be088f501de9727a5cc'),
('astria199912', 'cf862b9e9f2a7be088f501de9727a5cc'),
('murni19683', 'cf862b9e9f2a7be088f501de9727a5cc'),
('yulia19947', 'cf862b9e9f2a7be088f501de9727a5cc'),
('avisa20211', 'cf862b9e9f2a7be088f501de9727a5cc'),
('roby19941', 'cf862b9e9f2a7be088f501de9727a5cc'),
('suwito20001', 'cf862b9e9f2a7be088f501de9727a5cc'),
('hastiti197710', 'cf862b9e9f2a7be088f501de9727a5cc'),
('aris20001', 'cf862b9e9f2a7be088f501de9727a5cc'),
('endyn19956', 'cf862b9e9f2a7be088f501de9727a5cc'),
('mulyadi19689', 'cf862b9e9f2a7be088f501de9727a5cc'),
('shamilatus20001', 'cf862b9e9f2a7be088f501de9727a5cc'),
('theri19803', 'cf862b9e9f2a7be088f501de9727a5cc'),
('oriza20018', 'cf862b9e9f2a7be088f501de9727a5cc'),
('rini19777', 'cf862b9e9f2a7be088f501de9727a5cc'),
('robinson19674', 'cf862b9e9f2a7be088f501de9727a5cc'),
('theresa20032', 'cf862b9e9f2a7be088f501de9727a5cc'),
('yulia20001', 'cf862b9e9f2a7be088f501de9727a5cc'),
('talita20005', 'cf862b9e9f2a7be088f501de9727a5cc'),
('ratih20211', 'cf862b9e9f2a7be088f501de9727a5cc'),
('yuni19786', 'cf862b9e9f2a7be088f501de9727a5cc'),
('srihandayani19695', 'cf862b9e9f2a7be088f501de9727a5cc'),
('dimas20001', 'cf862b9e9f2a7be088f501de9727a5cc'),
('ria19952', 'cf862b9e9f2a7be088f501de9727a5cc'),
('indah19832', 'cf862b9e9f2a7be088f501de9727a5cc'),
('rina19906', 'cf862b9e9f2a7be088f501de9727a5cc'),
('ronald196910', 'cf862b9e9f2a7be088f501de9727a5cc'),
('maya19991', 'cf862b9e9f2a7be088f501de9727a5cc'),
('reza20001', 'cf862b9e9f2a7be088f501de9727a5cc'),
('retnani19913', 'cf862b9e9f2a7be088f501de9727a5cc'),
('edgarda199911', 'cf862b9e9f2a7be088f501de9727a5cc'),
('sysadmin', 'cf862b9e9f2a7be088f501de9727a5cc'),
('cecilia20001', 'cf862b9e9f2a7be088f501de9727a5cc'),
('winarni20001', 'cf862b9e9f2a7be088f501de9727a5cc'),
('lucia199212', 'cf862b9e9f2a7be088f501de9727a5cc'),
('johnny19568', 'cf862b9e9f2a7be088f501de9727a5cc'),
('sari19946', 'cf862b9e9f2a7be088f501de9727a5cc'),
('anton198010', 'cf862b9e9f2a7be088f501de9727a5cc'),
('setyo19887', 'cf862b9e9f2a7be088f501de9727a5cc'),
('ika19815', 'cf862b9e9f2a7be088f501de9727a5cc'),
('pristian19889', 'cf862b9e9f2a7be088f501de9727a5cc'),
('maria19981', 'cf862b9e9f2a7be088f501de9727a5cc'),
('irene20211', 'cf862b9e9f2a7be088f501de9727a5cc'),
('yusron19976', 'cf862b9e9f2a7be088f501de9727a5cc'),
('vina19967', 'cf862b9e9f2a7be088f501de9727a5cc'),
('erisa198410', 'cf862b9e9f2a7be088f501de9727a5cc'),
('elizabeth198410', 'cf862b9e9f2a7be088f501de9727a5cc'),
('ririn19897', 'cf862b9e9f2a7be088f501de9727a5cc'),
('hanif19987', 'cf862b9e9f2a7be088f501de9727a5cc'),
('elisabeth19884', 'cf862b9e9f2a7be088f501de9727a5cc'),
('david19987', 'cf862b9e9f2a7be088f501de9727a5cc'),
('titin19831', 'cf862b9e9f2a7be088f501de9727a5cc'),
('achmad198911', 'cf862b9e9f2a7be088f501de9727a5cc'),
('kurnia20043', 'cf862b9e9f2a7be088f501de9727a5cc'),
('christania19987', 'cf862b9e9f2a7be088f501de9727a5cc'),
('riski19918', 'cf862b9e9f2a7be088f501de9727a5cc'),
('lenni19813', 'cf862b9e9f2a7be088f501de9727a5cc'),
('nuril199711', 'cf862b9e9f2a7be088f501de9727a5cc'),
('ninis19794', 'cf862b9e9f2a7be088f501de9727a5cc'),
('lea19922', 'cf862b9e9f2a7be088f501de9727a5cc'),
('dimas19883', 'cf862b9e9f2a7be088f501de9727a5cc'),
('christmagsdi19988', 'cf862b9e9f2a7be088f501de9727a5cc'),
('endy19809', 'cf862b9e9f2a7be088f501de9727a5cc'),
('sotya19725', 'cf862b9e9f2a7be088f501de9727a5cc'),
('kristian20001', 'cf862b9e9f2a7be088f501de9727a5cc'),
('zulfa19987', 'cf862b9e9f2a7be088f501de9727a5cc'),
('anastasia196412', 'cf862b9e9f2a7be088f501de9727a5cc'),
('ari19747', 'cf862b9e9f2a7be088f501de9727a5cc'),
('caecilia19923', 'cf862b9e9f2a7be088f501de9727a5cc'),
('eri19717', 'cf862b9e9f2a7be088f501de9727a5cc'),
('lestari199809', 'cf862b9e9f2a7be088f501de9727a5cc'),
('niluh20001', 'cf862b9e9f2a7be088f501de9727a5cc'),
('imam19952', 'cf862b9e9f2a7be088f501de9727a5cc'),
('eniek19735', 'cf862b9e9f2a7be088f501de9727a5cc'),
('bernadeta19889', 'cf862b9e9f2a7be088f501de9727a5cc'),
('damiatun19733', 'cf862b9e9f2a7be088f501de9727a5cc'),
('aida19816', 'cf862b9e9f2a7be088f501de9727a5cc'),
('sri19875', 'cf862b9e9f2a7be088f501de9727a5cc'),
('ernawati19659', 'cf862b9e9f2a7be088f501de9727a5cc'),
('susiana198111', 'cf862b9e9f2a7be088f501de9727a5cc'),
('aan19758', 'cf862b9e9f2a7be088f501de9727a5cc'),
('rusmiati196811', 'cf862b9e9f2a7be088f501de9727a5cc'),
('yonas198511', 'cf862b9e9f2a7be088f501de9727a5cc'),
('imam19702', 'cf862b9e9f2a7be088f501de9727a5cc'),
('ongky199010', 'cf862b9e9f2a7be088f501de9727a5cc'),
('lusia19745', 'cf862b9e9f2a7be088f501de9727a5cc'),
('yanita197911', 'cf862b9e9f2a7be088f501de9727a5cc'),
('christin19764', 'cf862b9e9f2a7be088f501de9727a5cc');
COMMIT;

/*!40101 SET CHARACTER_SET_CLIENT=@OLD_CHARACTER_SET_CLIENT */;
/*!40101 SET CHARACTER_SET_RESULTS=@OLD_CHARACTER_SET_RESULTS */;
/*!40101 SET COLLATION_CONNECTION=@OLD_COLLATION_CONNECTION */;
